{
  "micro": {
    "calcium": 0.7,
    "chromium": 0.000025,
    "cobalt": 0.0000015,
    "copper": 0.0012,
    "iodine": 0.00014,
    "iron": 0.0148,
    "magnesium": 0.3,
    "phosporus": 0.55,
    "potassium": 3.5,
    "selenium": 0.000075,
    "vitamin A": 0.0007,
    "vitamin B1": 0.001,
    "vitamin B12": 0.0000015,
    "vitamin B2": 0.0013,
    "vitamin B3": 0.0165,
    "vitamin B6": 0.0014,
    "vitamin B9": 0.0002,
    "vitamin C": 0.040,
    "vitamin D": 0.00001,
    "vitamin E": 0.000004,
    "vitamin K": 0.000075,
    "zinc": 0.0095
  },
  "macro": {
    "fibre": 30,
    "salt": 6,
    "sugar": 30
  }
}
